<?xml version="1.0" encoding="UTF-8"?>
<templates id="bi_pos_stock_template" inherit_id="point_of_sale.template" xml:space="preserve">
	<t t-name="SyncStock" owl="1">
		<div class="oe_status" style="margin-top: 8px">
			<span class="pos-stock-sync" style="padding-right: 30px;" t-on-click="pos_stock_sync">
				<i class="fa fa-refresh "
				   style='font-size: 28px;position: absolute;margin-left: 1%;color: #5db937;'/>
			</span>
		</div>
	</t>
	<t t-name="ProductLowStock" owl="1">
		<div class="header-button" style="margin-top: 11px;margin-left: 44px;" t-on-click="show_products">
            <span style="font-size: 20px; color: white;">Low Stock Product List</span>
        </div>
	</t>

    <t t-name="Chrome" t-inherit="point_of_sale.Chrome" t-inherit-mode="extension" owl="1">
		<xpath expr="//div[hasclass('status-buttons')]" position="before">
			<SyncStock t-if="is_stock_sync"/>
			<ProductLowStock/>
		</xpath>
	</t>

    <t t-name="ProductItem" t-inherit="point_of_sale.ProductItem" t-inherit-mode="extension" owl="1">
		<xpath expr="//div[hasclass('product-content')]" position="before">
			<t t-if="env.pos.config.pos_display_stock">
				<t t-if="props.product.type == 'product'">
					<t t-if="env.pos.config.pos_stock_type == 'onhand'">
						<t t-if="env.pos.config.stock_position == 'top_left'">
							<t t-if="props.product.image_128">
								<t t-if="props.product.bi_on_hand > 0">
									<span class="qty-left-label" id="stockqty" >
										<t t-esc="env.pos.format_currency_no_symbol(props.product.bi_on_hand)"/>
									</span>
								</t>
								<t t-else="">
									<span class="qty-left-label out-of-stock-qty" >
										<t t-esc="env.pos.format_currency_no_symbol(props.product.bi_on_hand)"/>
									</span>
								</t>
							</t>
							<t t-else="">
								<t t-if="props.product.bi_on_hand > 0">
									<span class="qty-image-label" id="stockqty" >
										<t t-esc="env.pos.format_currency_no_symbol(props.product.bi_on_hand)"/>
									</span>
								</t>
								<t t-else="">
									<span class="qty-image-label out-of-stock-qty" >
										<t t-esc="env.pos.format_currency_no_symbol(props.product.bi_on_hand)"/>
									</span>
								</t>
							</t>
						</t>
						<t t-if="env.pos.config.stock_position == 'top_right'">
							<t t-if="props.product.bi_on_hand > 0">
								<span class="qty-tright-label" id="stockqty" >
									<t t-esc="env.pos.format_currency_no_symbol(props.product.bi_on_hand)"/>
								</span>
							</t>
							<t t-else="">
								<span class=" qty-tright-label out-of-stock-qty" >
									<t t-esc="env.pos.format_currency_no_symbol(props.product.bi_on_hand)"/>
								</span>
							</t>
						</t>
						<t t-if="env.pos.config.stock_position == 'bottom_right'">
							<t t-if="props.product.bi_on_hand > 0">
								<span class="qty-bright-label" id="stockqty" >
									<t t-esc="env.pos.format_currency_no_symbol(props.product.bi_on_hand)"/>
								</span>
							</t>
							<t t-else="">
								<span class="qty-bright-label out-of-stock-qty" >
									<t t-esc="env.pos.format_currency_no_symbol(props.product.bi_on_hand)"/>
								</span>
							</t>
						</t>
						
					</t>
					<t t-if="env.pos.config.pos_stock_type == 'available'">
						<t t-if="env.pos.config.stock_position == 'top_left'">
							<t t-if="props.product.image_128">
								<t t-if="props.product.bi_available > 0">
									<span class="qty-left-label" id="availqty">
										<t t-esc="env.pos.format_currency_no_symbol(props.product.bi_available)"/>
									</span>
								</t>
								<t t-else="">
									<span class="qty-left-label out-of-stock-qty" id="availqty">
										<t t-esc="env.pos.format_currency_no_symbol(props.product.bi_available)"/>
									</span>
								</t>
							</t>
							<t t-else="">
								<t t-if="props.product.bi_available > 0">
									<span class="qty-image-label" id="availqty">
										<t t-esc="env.pos.format_currency_no_symbol(props.product.bi_available)"/>
									</span>
								</t>
								<t t-else="">
									<span class="qty-image-label out-of-stock-qty" id="availqty">
										<t t-esc="env.pos.format_currency_no_symbol(props.product.bi_available)"/>
									</span>
								</t>
							</t>
						</t>
						<t t-if="env.pos.config.stock_position == 'top_right'">
							<t t-if="props.product.bi_available > 0">
								<span class="qty-tright-label" id="availqty">
									<t t-esc="env.pos.format_currency_no_symbol(props.product.bi_available)"/>
								</span>
							</t>
							<t t-else="">
								<span class="qty-tright-label out-of-stock-qty" id="availqty">
									<t t-esc="env.pos.format_currency_no_symbol(props.product.bi_available)"/>
								</span>
							</t>
						</t>
						<t t-if="env.pos.config.stock_position == 'bottom_right'">
							<t t-if="props.product.bi_available > 0">
								<span class="qty-bright-label" id="availqty">
									<t t-esc="env.pos.format_currency_no_symbol(props.product.bi_available)"/>
								</span>
							</t>
							<t t-else="">
								<span class="qty-bright-label out-of-stock-qty" id="availqty">
									<t t-esc="env.pos.format_currency_no_symbol(props.product.bi_available)"/>
								</span>
							</t>
						</t>
					</t>
				</t>
			</t>
		</xpath>
	</t> 

	<t t-name="LowStockProducts" owl="1">
        <div class="partnerlist-screen screen">
            <div class="screen-content orders-screen">
                <div class="top-content">
                    <div class="button back odoo-theme-color" t-on-click="back">
                        <t t-if="!env.isMobile">Discard</t>
                        <t t-else="">
                            <i class="fa fa-undo"></i>
                        </t>
                    </div>
                </div>
                <section class="full-content">
                    <div class="partner-window">
                        <section class="subwindow collapsed">
                            <div class="subwindow-container collapsed">
                            </div>
                        </section>
                        <section class="subwindow list">
                            <div class="subwindow-container">
                                <div  class="subwindow-container-fix scrollable-y">
                                    <table class="partner-list">
                                        <thead>
                                            <tr class="odoo-theme-color">
                                                <th>Product</th>
                                                <th>Quantity</th>
                                            </tr>
                                        </thead>
                                        <tbody class="partner-list-contents">
                                            <t t-foreach="low_products" t-as="l_product"
                                               	t-key="l_product['id']">
                                                <LowStockLine product="l_product"
                                                            selectedReceiveOrder="state.selectedReceiveOrder"/>
                                            </t>
                                        </tbody>
                                    </table>
                                </div>
                            </div>
                        </section>
                    </div>
                </section>
            </div>
        </div>
    </t>
	<t t-name="LowStockLine" owl="1">
        <tr class='partner-line' t-att-data-id='props.product.id'>
            <td t-att-data-id='props.product.id' ><t t-esc='props.product.display_name'/></td>
            <td t-att-data-id='props.product.id' ><t t-esc='props.product.qty_available' /></td>
        </tr>
    </t>

	<t t-name="OrderWidget" t-inherit="point_of_sale.OrderWidget" t-inherit-mode="extension" owl="1">
		<xpath expr="//div[hasclass('order')]" position="inside">
			<t t-if="orderlines.length > 0">
				<div class='product-items' style="padding-bottom: 10px;padding-left: 15px;">
					<i><b style="font-weight: bold;color: #017e84;font-size: 20px;"><span> Total Number Of Items:</span><t t-esc="(product_total).toFixed(2)"/></b></i>
				</div>
			</t>
		</xpath>
	</t>

	<t t-name="OrderReceipt" t-inherit="point_of_sale.OrderReceipt" t-inherit-mode="extension" owl="1">
		<xpath expr="//div[hasclass('before-footer')]" t-operation="before">
			<table class='receipt-change' style="min-width: 100%;">
				<t t-if="props.order">
					<tr>
						<td>Total Number Of Items:</td>
						<td class="pos-right-align"><t t-esc="props.order.product_total()"/></td>
					</tr>
				</t>
			</table>
		</xpath>
	</t>
		
</templates>
	
	
